individualID	19:45411941_T/C	19:45412079_C/T	rs429358	rs7412	code	individualIdSource	species	sex	race	ethnicity	yearsEducation	ageDeath	causeDeath	mannerDeath	apoeGenotype	pmi	pH	brainWeight	diagnosis	diagnosisCriteria	CERAD	Braak	thal
2210	0/0	0/0	T	C	33	MayoBrainBank	Human	female	White	NA	NA	90+	NA	NA	NA	NA	NA	NA	pathological aging	NA	NA	NA	NA
2517	0/1	0/0	C	C	34	MayoBrainBank	Human	female	White	NA	NA	90+	NA	NA	NA	NA	NA	NA	pathological aging	NA	NA	NA	NA
12306	0/1	0/0	C	C	34	MayoBrainBank	Human	female	White	NA	NA	67	NA	NA	NA	NA	NA	NA	pathological aging	NA	NA	NA	NA
12308	0/1	0/0	C	C	34	MayoBrainBank	Human	male	White	NA	NA	72	NA	NA	NA	NA	NA	NA	pathological aging	NA	NA	NA	NA
18198	0/0	0/0	T	C	33	MayoBrainBank	Human	female	White	NA	NA	81	NA	NA	NA	NA	NA	NA	pathological aging	NA	NA	NA	NA
18199	0/1	0/0	C	C	34	MayoBrainBank	Human	female	White	NA	NA	75	NA	NA	NA	NA	NA	NA	pathological aging	NA	NA	NA	NA
18200	0/0	0/0	T	C	33	MayoBrainBank	Human	male	White	NA	NA	88	NA	NA	NA	NA	NA	NA	pathological aging	NA	NA	NA	NA
18201	0/0	0/0	T	C	33	MayoBrainBank	Human	female	White	NA	NA	90+	NA	NA	NA	NA	NA	NA	pathological aging	NA	NA	NA	NA
18202	0/1	0/0	C	C	34	MayoBrainBank	Human	female	White	NA	NA	90+	NA	NA	NA	NA	NA	NA	pathological aging	NA	NA	NA	NA
18203	0/0	0/1	T	T	23	MayoBrainBank	Human	female	White	NA	NA	90+	NA	NA	NA	NA	NA	NA	pathological aging	NA	NA	NA	NA
18204	0/0	0/0	T	C	33	MayoBrainBank	Human	female	White	NA	NA	90+	NA	NA	NA	NA	NA	NA	pathological aging	NA	NA	NA	NA
18206	0/0	0/1	T	T	23	MayoBrainBank	Human	female	White	NA	NA	90+	NA	NA	NA	NA	NA	NA	pathological aging	NA	NA	NA	NA
18209	0/0	0/0	T	C	33	MayoBrainBank	Human	female	White	NA	NA	90+	NA	NA	NA	NA	NA	NA	pathological aging	NA	NA	NA	NA
18210	0/0	0/0	T	C	33	MayoBrainBank	Human	female	White	NA	NA	79	NA	NA	NA	NA	NA	NA	pathological aging	NA	NA	NA	NA
18211	0/0	0/0	T	C	33	MayoBrainBank	Human	female	White	NA	NA	90+	NA	NA	NA	NA	NA	NA	pathological aging	NA	NA	NA	NA
18212	0/1	0/0	C	C	34	MayoBrainBank	Human	male	White	NA	NA	75	NA	NA	NA	NA	NA	NA	pathological aging	NA	NA	NA	NA
18213	0/0	0/0	T	C	33	MayoBrainBank	Human	male	White	NA	NA	82	NA	NA	NA	NA	NA	NA	pathological aging	NA	NA	NA	NA
18214	0/0	0/0	T	C	33	MayoBrainBank	Human	female	White	NA	NA	90+	NA	NA	NA	NA	NA	NA	pathological aging	NA	NA	NA	NA
18216	0/0	0/0	T	C	33	MayoBrainBank	Human	male	White	NA	NA	81	NA	NA	NA	NA	NA	NA	pathological aging	NA	NA	NA	NA
18217	0/1	0/1	C	T	24	MayoBrainBank	Human	female	White	NA	NA	90+	NA	NA	NA	NA	NA	NA	pathological aging	NA	NA	NA	NA
18218	0/0	0/1	T	T	23	MayoBrainBank	Human	female	White	NA	NA	83	NA	NA	NA	NA	NA	NA	pathological aging	NA	NA	NA	NA
18219	0/0	0/0	T	C	33	MayoBrainBank	Human	female	White	NA	NA	90+	NA	NA	NA	NA	NA	NA	pathological aging	NA	NA	NA	NA
18220	0/0	0/0	T	C	33	MayoBrainBank	Human	female	White	NA	NA	79	NA	NA	NA	NA	NA	NA	pathological aging	NA	NA	NA	NA
18221	0/1	0/0	C	C	34	MayoBrainBank	Human	male	White	NA	NA	85	NA	NA	NA	NA	NA	NA	pathological aging	NA	NA	NA	NA
18222	0/0	0/0	T	C	33	MayoBrainBank	Human	male	White	NA	NA	90+	NA	NA	NA	NA	NA	NA	pathological aging	NA	NA	NA	NA
18223	0/0	0/0	T	C	33	MayoBrainBank	Human	female	White	NA	NA	90+	NA	NA	NA	NA	NA	NA	pathological aging	NA	NA	NA	NA
18224	0/0	0/1	T	T	23	MayoBrainBank	Human	female	White	NA	NA	89	NA	NA	NA	NA	NA	NA	pathological aging	NA	NA	NA	NA
18225	0/1	0/1	C	T	24	MayoBrainBank	Human	male	White	NA	NA	90+	NA	NA	NA	NA	NA	NA	pathological aging	NA	NA	NA	NA
18226	0/1	0/0	C	C	34	MayoBrainBank	Human	male	White	NA	NA	90+	NA	NA	NA	NA	NA	NA	pathological aging	NA	NA	NA	NA
18228	0/1	0/0	C	C	34	MayoBrainBank	Human	female	White	NA	NA	87	NA	NA	NA	NA	NA	NA	pathological aging	NA	NA	NA	NA
18229	0/0	0/1	T	T	23	MayoBrainBank	Human	female	White	NA	NA	77	NA	NA	NA	NA	NA	NA	pathological aging	NA	NA	NA	NA
18230	0/0	0/0	T	C	33	MayoBrainBank	Human	male	White	NA	NA	90+	NA	NA	NA	NA	NA	NA	pathological aging	NA	NA	NA	NA
18231	1/1	0/0	T	C	44	MayoBrainBank	Human	male	White	NA	NA	90+	NA	NA	NA	NA	NA	NA	pathological aging	NA	NA	NA	NA
18232	0/1	0/1	C	T	24	MayoBrainBank	Human	male	White	NA	NA	83	NA	NA	NA	NA	NA	NA	pathological aging	NA	NA	NA	NA
18233	0/0	0/0	T	C	33	MayoBrainBank	Human	female	White	NA	NA	90+	NA	NA	NA	NA	NA	NA	pathological aging	NA	NA	NA	NA
18234	0/1	0/0	C	C	34	MayoBrainBank	Human	male	White	NA	NA	81	NA	NA	NA	NA	NA	NA	pathological aging	NA	NA	NA	NA
18235	0/1	0/0	C	C	34	MayoBrainBank	Human	male	White	NA	NA	77	NA	NA	NA	NA	NA	NA	pathological aging	NA	NA	NA	NA
18236	0/0	0/0	T	C	33	MayoBrainBank	Human	female	White	NA	NA	87	NA	NA	NA	NA	NA	NA	pathological aging	NA	NA	NA	NA
18237	0/0	0/0	T	C	33	MayoBrainBank	Human	male	White	NA	NA	90+	NA	NA	NA	NA	NA	NA	pathological aging	NA	NA	NA	NA
18238	0/0	0/0	T	C	33	MayoBrainBank	Human	female	White	NA	NA	90+	NA	NA	NA	NA	NA	NA	pathological aging	NA	NA	NA	NA
18239	0/0	0/1	T	T	23	MayoBrainBank	Human	male	White	NA	NA	81	NA	NA	NA	NA	NA	NA	pathological aging	NA	NA	NA	NA
